<?xml version="1.0" encoding="UTF-8"?>
<rss version="2.0" xmlns:ror="http://rorweb.com/0.1/" >
<channel>
  <title>ROR Sitemap for http://std1350310.aptech-students.com/RhythmHouse/home.html</title>
  <link>http://std1350310.aptech-students.com/RhythmHouse/home.html</link>

<item>
     <link>http://std1350310.aptech-students.com/RhythmHouse/home.html</link>
     <title>Rhythm Of The Beats - RHYTHMHOUSE.PK</title>
     <description>Rhythm is music's pattern in time. Whatever other elements a given piece of music may have (e.g., patterns in pitch or timbre), rhythm is the one indispensable element of all music. Rhythm can exist without melody, as in the drumbeats of so-called primitive music, but melody cannot exist without rhythm.</description>
     <ror:updatePeriod></ror:updatePeriod>
     <ror:sortOrder>0</ror:sortOrder>
     <ror:resourceOf>sitemap</ror:resourceOf>
</item>
<item>
     <link>http://std1350310.aptech-students.com/RhythmHouse/about.html</link>
     <title>Rhythm Music</title>
     <description>Rhythm Music</description>
     <ror:updatePeriod></ror:updatePeriod>
     <ror:sortOrder>1</ror:sortOrder>
     <ror:resourceOf>sitemap</ror:resourceOf>
</item>
<item>
     <link>http://std1350310.aptech-students.com/RhythmHouse/RhythmContact.html</link>
     <title>Document</title>
     <description>Document</description>
     <ror:updatePeriod></ror:updatePeriod>
     <ror:sortOrder>1</ror:sortOrder>
     <ror:resourceOf>sitemap</ror:resourceOf>
</item>
<item>
     <link>http://std1350310.aptech-students.com/RhythmHouse/Cds.html</link>
     <title>Rhythm Music</title>
     <description>Rhythm Music</description>
     <ror:updatePeriod></ror:updatePeriod>
     <ror:sortOrder>1</ror:sortOrder>
     <ror:resourceOf>sitemap</ror:resourceOf>
</item>
<item>
     <link>http://std1350310.aptech-students.com/RhythmHouse/DVDs.html</link>
     <title>Rhythm House/Dvds</title>
     <description>Rhythm House/Dvds</description>
     <ror:updatePeriod></ror:updatePeriod>
     <ror:sortOrder>1</ror:sortOrder>
     <ror:resourceOf>sitemap</ror:resourceOf>
</item>
<item>
     <link>http://std1350310.aptech-students.com/RhythmHouse/price.html</link>
     <title>Rhythm Music</title>
     <description>Rhythm Music</description>
     <ror:updatePeriod></ror:updatePeriod>
     <ror:sortOrder>1</ror:sortOrder>
     <ror:resourceOf>sitemap</ror:resourceOf>
</item>
<item>
     <link>http://std1350310.aptech-students.com/RhythmHouse/maagazine.html</link>
     <title>Magazines</title>
     <description>Magazines</description>
     <ror:updatePeriod></ror:updatePeriod>
     <ror:sortOrder>1</ror:sortOrder>
     <ror:resourceOf>sitemap</ror:resourceOf>
</item>
<item>
     <link>http://std1350310.aptech-students.com/RhythmHouse/joinmembership.html</link>
     <title>Rhythm House /Membership</title>
     <description>Rhythm House /Membership</description>
     <ror:updatePeriod></ror:updatePeriod>
     <ror:sortOrder>1</ror:sortOrder>
     <ror:resourceOf>sitemap</ror:resourceOf>
</item>
<item>
     <link>http://std1350310.aptech-students.com/RhythmHouse/offershtml.html</link>
     <title> Rhyhtm House /offers</title>
     <description> Rhyhtm House /offers</description>
     <ror:updatePeriod></ror:updatePeriod>
     <ror:sortOrder>1</ror:sortOrder>
     <ror:resourceOf>sitemap</ror:resourceOf>
</item>
<item>
     <link>http://std1350310.aptech-students.com/RhythmHouse/humlayeinhaintoofanse.html</link>
     <title>Document</title>
     <description>Document</description>
     <ror:updatePeriod></ror:updatePeriod>
     <ror:sortOrder>1</ror:sortOrder>
     <ror:resourceOf>sitemap</ror:resourceOf>
</item>
<item>
     <link>http://std1350310.aptech-students.com/RhythmHouse/previorsoffers.html</link>
     <title>Document</title>
     <description>Document</description>
     <ror:updatePeriod></ror:updatePeriod>
     <ror:sortOrder>2</ror:sortOrder>
     <ror:resourceOf>sitemap</ror:resourceOf>
</item>
</channel>
</rss>
  